{"metadata":{"asset_id":"47ead437-27cf-499c-a63f-a481e2139b19","asset_attributes":["notebook"],"name":"Data Collection with Web Scraping Lab","asset_type":"notebook","created_at":"2022-02-01T21:31:08Z","description":"For Applied Data Science Capstone","origin_country":"us","owner_id":"IBMid-666000OH6N","project_id":"f1d91980-67dd-45ad-9b61-c28e24cccb9d","size":52304,"tags":["notebook"],"usage":{"last_update_time":1647302877717,"last_updated_at":"2022-03-15T00:07:57Z"}},"entity":{"notebook":{"kernel":{"name":"python3","display_name":"Python 3.8","language":"python"},"originates_from":{"type":"blank"},"runtime":{"environment":"conda2py38-f1d91980-67dd-45ad-9b61-c28e24cccb9d"}}},"attachments":[{"id":"fed80617-c425-46f6-856a-f6b7a359526b","version":2,"asset_type":"notebook","name":"attachment for notebook 47ead437-27cf-499c-a63f-a481e2139b19","description":"attachment for notebook 47ead437-27cf-499c-a63f-a481e2139b19","mime":"application/json","datasource_type":"193a97c1-4475-4a19-b90c-295c4fdc6517","object_key":"notebook/Data_Collection_with_Web_Scraping_Lab_dRgbNawM0.ipynb","creator_id":"IBMid-666000OH6N","create_time":1643751068838,"size":52304,"is_remote":false,"is_managed":false,"is_referenced":true,"is_object_key_read_only":false,"is_user_provided_path_key":true,"transfer_complete":true,"is_partitioned":false,"complete_time_ticks":1643751068838,"user_data":{},"test_doc":0,"handle":{"bucket":"pythonbasicsfordatascienceproject-donotdelete-pr-pk3912y8ozeroo","location":"us-geo","key":"notebook/Data_Collection_with_Web_Scraping_Lab_dRgbNawM0.ipynb","upload_id":"done","max_part_num":1},"usage":{"access_count":32,"last_accessor_id":"IBMid-666000OH6N","last_access_time":1647302492369,"last_updater_id":"IBMid-666000OH6N","last_update_time":1647302492369}}]}
