{"metadata":{"asset_id":"3c435940-0d2b-464b-9e9d-80f3c527dabf","asset_attributes":["notebook"],"name":"Python Project for Data Science","asset_type":"notebook","created_at":"2022-01-25T01:27:08Z","description":"Analyzing Stock Performance and Building a Dashboard","origin_country":"us","owner_id":"IBMid-666000OH6N","project_id":"f1d91980-67dd-45ad-9b61-c28e24cccb9d","size":737422,"tags":["notebook"],"usage":{"last_update_time":1643139684587,"last_updated_at":"2022-01-25T19:41:24Z"}},"entity":{"notebook":{"kernel":{"name":"python3","display_name":"Python 3.8","language":"python"},"originates_from":{"type":"blank"},"runtime":{"environment":"conda2py38-f1d91980-67dd-45ad-9b61-c28e24cccb9d"}}},"attachments":[{"id":"08fe15bc-dc89-489c-9f7b-9c5b6512f5a0","version":2,"asset_type":"notebook","name":"attachment for notebook 3c435940-0d2b-464b-9e9d-80f3c527dabf","description":"attachment for notebook 3c435940-0d2b-464b-9e9d-80f3c527dabf","mime":"application/json","datasource_type":"193a97c1-4475-4a19-b90c-295c4fdc6517","object_key":"notebook/Python_Project_for_Data_Science_qJYKbs7oK.ipynb","creator_id":"IBMid-666000OH6N","create_time":1643074028644,"size":737422,"is_remote":false,"is_managed":false,"is_referenced":true,"is_object_key_read_only":false,"is_user_provided_path_key":true,"transfer_complete":true,"is_partitioned":false,"complete_time_ticks":1643074028644,"user_data":{},"test_doc":0,"handle":{"bucket":"pythonbasicsfordatascienceproject-donotdelete-pr-pk3912y8ozeroo","location":"us-geo","key":"notebook/Python_Project_for_Data_Science_qJYKbs7oK.ipynb","upload_id":"done","max_part_num":1},"usage":{"access_count":27,"last_accessor_id":"IBMid-666000OH6N","last_access_time":1643139655302,"last_updater_id":"IBMid-666000OH6N","last_update_time":1643139655302}}]}
