{"metadata":{"asset_id":"26ccf81e-7328-43ce-8d69-1e55ecbbeb55","asset_attributes":["notebook"],"name":"Final Assignment","asset_type":"notebook","created_at":"2022-01-19T01:22:24Z","description":"Data Analysis with Python Final Assignment","origin_country":"us","owner_id":"IBMid-666000OH6N","project_id":"f1d91980-67dd-45ad-9b61-c28e24cccb9d","size":76596,"tags":["notebook"],"usage":{"last_update_time":1642732158434,"last_updated_at":"2022-01-21T02:29:18Z"}},"entity":{"notebook":{"kernel":{"name":"python3","display_name":"Python 3.8","language":"python"},"originates_from":{"type":"blank"},"runtime":{"environment":"conda2py38-f1d91980-67dd-45ad-9b61-c28e24cccb9d"}}},"attachments":[{"id":"cd9a1fd7-71bd-45c4-9ca2-837f4630ed36","version":2,"asset_type":"notebook","name":"attachment for notebook 26ccf81e-7328-43ce-8d69-1e55ecbbeb55","description":"attachment for notebook 26ccf81e-7328-43ce-8d69-1e55ecbbeb55","mime":"application/json","datasource_type":"193a97c1-4475-4a19-b90c-295c4fdc6517","object_key":"notebook/Final_Assignment_Oc1SZHdUq.ipynb","creator_id":"IBMid-666000OH6N","create_time":1642555345505,"size":76596,"is_remote":false,"is_managed":false,"is_referenced":true,"is_object_key_read_only":false,"is_user_provided_path_key":true,"transfer_complete":true,"is_partitioned":false,"complete_time_ticks":1642555345505,"user_data":{},"test_doc":0,"handle":{"bucket":"pythonbasicsfordatascienceproject-donotdelete-pr-pk3912y8ozeroo","location":"us-geo","key":"notebook/Final_Assignment_Oc1SZHdUq.ipynb","upload_id":"done","max_part_num":1},"usage":{"access_count":20,"last_accessor_id":"IBMid-666000OH6N","last_access_time":1642731999221,"last_updater_id":"IBMid-666000OH6N","last_update_time":1642731999221}}]}
