{"metadata":{"asset_id":"24b4671c-8054-4378-ae74-909dc214fb4b","asset_attributes":["notebook"],"name":"EDA with Data Visualization","asset_type":"notebook","created_at":"2022-06-21T20:08:22Z","description":"","origin_country":"us","owner_id":"IBMid-666000OH6N","project_id":"f1d91980-67dd-45ad-9b61-c28e24cccb9d","size":206263,"tags":["notebook"],"usage":{"last_update_time":1655844654875,"last_updated_at":"2022-06-21T20:50:54Z"}},"entity":{"notebook":{"kernel":{"name":"python3","display_name":"Python 3.9","language":"python"},"originates_from":{"type":"blank"},"runtime":{"environment":"conda2rt221-f1d91980-67dd-45ad-9b61-c28e24cccb9d"}}},"attachments":[{"id":"b27699e5-1a5b-4d7e-9c2d-3516e07e3571","version":2,"asset_type":"notebook","name":"attachment for notebook 24b4671c-8054-4378-ae74-909dc214fb4b","description":"attachment for notebook 24b4671c-8054-4378-ae74-909dc214fb4b","mime":"application/json","datasource_type":"193a97c1-4475-4a19-b90c-295c4fdc6517","object_key":"notebook/EDA_with_Data_Visualization_7j8z4UMlT.ipynb","creator_id":"IBMid-666000OH6N","create_time":1655842103059,"size":206263,"is_remote":false,"is_managed":false,"is_referenced":true,"is_object_key_read_only":false,"is_user_provided_path_key":true,"transfer_complete":true,"is_partitioned":false,"complete_time_ticks":1655842103059,"user_data":{},"test_doc":0,"handle":{"bucket":"pythonbasicsfordatascienceproject-donotdelete-pr-pk3912y8ozeroo","location":"us-geo","key":"notebook/EDA_with_Data_Visualization_7j8z4UMlT.ipynb","upload_id":"done","max_part_num":1},"usage":{"access_count":20,"last_accessor_id":"IBMid-666000OH6N","last_access_time":1655844646192,"last_updater_id":"IBMid-666000OH6N","last_update_time":1655844646192}}]}
