{"metadata":{"asset_id":"36ca4389-ada5-48bf-b58d-28699ab9ad7b","asset_attributes":["notebook"],"name":"EDA","asset_type":"notebook","created_at":"2022-03-15T20:05:38Z","description":"","origin_country":"us","owner_id":"IBMid-666000OH6N","project_id":"f1d91980-67dd-45ad-9b61-c28e24cccb9d","size":33714,"tags":["notebook"],"usage":{"last_update_time":1647375869936,"last_updated_at":"2022-03-15T20:24:29Z"}},"entity":{"notebook":{"kernel":{"name":"python3","display_name":"Python 3.9","language":"python"},"originates_from":{"type":"blank"},"runtime":{"environment":"conda2rt221-f1d91980-67dd-45ad-9b61-c28e24cccb9d"}}},"attachments":[{"id":"474831d2-e2e7-40a3-aca6-ebd62d76ee9d","version":2,"asset_type":"notebook","name":"attachment for notebook 36ca4389-ada5-48bf-b58d-28699ab9ad7b","description":"attachment for notebook 36ca4389-ada5-48bf-b58d-28699ab9ad7b","mime":"application/json","datasource_type":"193a97c1-4475-4a19-b90c-295c4fdc6517","object_key":"notebook/EDA_I6VKAeR6G.ipynb","creator_id":"IBMid-666000OH6N","create_time":1647374738733,"size":33714,"is_remote":false,"is_managed":false,"is_referenced":true,"is_object_key_read_only":false,"is_user_provided_path_key":true,"transfer_complete":true,"is_partitioned":false,"complete_time_ticks":1647374738733,"user_data":{},"test_doc":0,"handle":{"bucket":"pythonbasicsfordatascienceproject-donotdelete-pr-pk3912y8ozeroo","location":"us-geo","key":"notebook/EDA_I6VKAeR6G.ipynb","upload_id":"done","max_part_num":1},"usage":{"access_count":6,"last_accessor_id":"IBMid-666000OH6N","last_access_time":1647375497148,"last_updater_id":"IBMid-666000OH6N","last_update_time":1647375497148}}]}
