{"metadata":{"asset_id":"f8de4dfd-0f03-46f7-b5fc-3f7ecf573c44","asset_attributes":["notebook"],"name":"Data Collection API Lab","asset_type":"notebook","created_at":"2022-02-01T20:42:26Z","description":"For Applied Data Science Capstone Project","origin_country":"us","owner_id":"IBMid-666000OH6N","project_id":"f1d91980-67dd-45ad-9b61-c28e24cccb9d","size":430236,"tags":["notebook"],"usage":{"last_update_time":1643750984930,"last_updated_at":"2022-02-01T21:29:44Z"}},"entity":{"notebook":{"kernel":{"name":"python3","display_name":"Python 3.8","language":"python"},"originates_from":{"type":"blank"},"runtime":{"environment":"conda2py38-f1d91980-67dd-45ad-9b61-c28e24cccb9d"}}},"attachments":[{"id":"e6266afa-6616-485c-977b-6856d8c82cb0","version":2,"asset_type":"notebook","name":"attachment for notebook f8de4dfd-0f03-46f7-b5fc-3f7ecf573c44","description":"attachment for notebook f8de4dfd-0f03-46f7-b5fc-3f7ecf573c44","mime":"application/json","datasource_type":"193a97c1-4475-4a19-b90c-295c4fdc6517","object_key":"notebook/Data_Collection_API_Lab_5XRSVMq1-.ipynb","creator_id":"IBMid-666000OH6N","create_time":1643748146671,"size":430236,"is_remote":false,"is_managed":false,"is_referenced":true,"is_object_key_read_only":false,"is_user_provided_path_key":true,"transfer_complete":true,"is_partitioned":false,"complete_time_ticks":1643748146671,"user_data":{},"test_doc":0,"handle":{"bucket":"pythonbasicsfordatascienceproject-donotdelete-pr-pk3912y8ozeroo","location":"us-geo","key":"notebook/Data_Collection_API_Lab_5XRSVMq1-.ipynb","upload_id":"done","max_part_num":1},"usage":{"access_count":13,"last_accessor_id":"IBMid-666000OH6N","last_access_time":1643750946202,"last_updater_id":"IBMid-666000OH6N","last_update_time":1643750946202}}]}
