{"metadata":{"asset_id":"4ff2e180-f853-43a6-a2b7-12daaf45aeda","asset_attributes":["notebook"],"name":"EDA with SQL Lab","asset_type":"notebook","created_at":"2022-03-15T20:25:09Z","description":"","origin_country":"us","owner_id":"IBMid-666000OH6N","project_id":"f1d91980-67dd-45ad-9b61-c28e24cccb9d","size":29387,"tags":["notebook"],"usage":{"last_update_time":1647647907704,"last_updated_at":"2022-03-18T23:58:27Z"}},"entity":{"notebook":{"kernel":{"name":"python3","display_name":"Python 3.9","language":"python"},"originates_from":{"type":"blank"},"runtime":{"environment":"conda2rt221-f1d91980-67dd-45ad-9b61-c28e24cccb9d"}}},"attachments":[{"id":"ef5d2de9-bd9e-4a7b-9513-81722d3148e1","version":2,"asset_type":"notebook","name":"attachment for notebook 4ff2e180-f853-43a6-a2b7-12daaf45aeda","description":"attachment for notebook 4ff2e180-f853-43a6-a2b7-12daaf45aeda","mime":"application/json","datasource_type":"193a97c1-4475-4a19-b90c-295c4fdc6517","object_key":"notebook/EDA_with_SQL_Lab_vjCpAsIUO.ipynb","creator_id":"IBMid-666000OH6N","create_time":1647375910261,"size":29387,"is_remote":false,"is_managed":false,"is_referenced":true,"is_object_key_read_only":false,"is_user_provided_path_key":true,"transfer_complete":true,"is_partitioned":false,"complete_time_ticks":1647375910261,"user_data":{},"test_doc":0,"handle":{"bucket":"pythonbasicsfordatascienceproject-donotdelete-pr-pk3912y8ozeroo","location":"us-geo","key":"notebook/EDA_with_SQL_Lab_vjCpAsIUO.ipynb","upload_id":"done","max_part_num":1},"usage":{"access_count":20,"last_accessor_id":"IBMid-666000OH6N","last_access_time":1647647227964,"last_updater_id":"IBMid-666000OH6N","last_update_time":1647647227964}}]}
