{"metadata":{"asset_id":"0c4f573b-998f-4658-88b0-12238674353c","asset_attributes":["notebook"],"name":"Data Collectgion API Lab 2","asset_type":"notebook","created_at":"2022-03-15T00:14:26Z","description":"","origin_country":"us","owner_id":"IBMid-666000OH6N","project_id":"f1d91980-67dd-45ad-9b61-c28e24cccb9d","size":442242,"tags":["notebook"],"usage":{"last_update_time":1647304799578,"last_updated_at":"2022-03-15T00:39:59Z"}},"entity":{"notebook":{"kernel":{"name":"python3","display_name":"Python 3.9","language":"python"},"originates_from":{"type":"blank"},"runtime":{"environment":"conda2rt221-f1d91980-67dd-45ad-9b61-c28e24cccb9d"}}},"attachments":[{"id":"01c78350-346d-46c3-88ab-8f5499044abb","version":2,"asset_type":"notebook","name":"attachment for notebook 0c4f573b-998f-4658-88b0-12238674353c","description":"attachment for notebook 0c4f573b-998f-4658-88b0-12238674353c","mime":"application/json","datasource_type":"193a97c1-4475-4a19-b90c-295c4fdc6517","object_key":"notebook/Data_Collectgion_API_Lab_2_7KCb0t0Mg.ipynb","creator_id":"IBMid-666000OH6N","create_time":1647303267381,"size":442242,"is_remote":false,"is_managed":false,"is_referenced":true,"is_object_key_read_only":false,"is_user_provided_path_key":true,"transfer_complete":true,"is_partitioned":false,"complete_time_ticks":1647303267381,"user_data":{},"test_doc":0,"handle":{"bucket":"pythonbasicsfordatascienceproject-donotdelete-pr-pk3912y8ozeroo","location":"us-geo","key":"notebook/Data_Collectgion_API_Lab_2_7KCb0t0Mg.ipynb","upload_id":"done","max_part_num":1},"usage":{"access_count":9,"last_accessor_id":"IBMid-666000OH6N","last_access_time":1647304623618,"last_updater_id":"IBMid-666000OH6N","last_update_time":1647304623618}}]}
