{"metadata":{"asset_id":"f7d56265-0efa-4fbb-aa3d-8d8370f66c9b","asset_attributes":["notebook"],"name":"Interactive Visual Analytics with Folium Lab","asset_type":"notebook","created_at":"2022-06-22T19:48:11Z","description":"","origin_country":"us","owner_id":"IBMid-666000OH6N","project_id":"f1d91980-67dd-45ad-9b61-c28e24cccb9d","size":318346,"tags":["notebook"],"usage":{"last_update_time":1657761016869,"last_updated_at":"2022-07-14T01:10:16Z"}},"entity":{"notebook":{"kernel":{"name":"python3","display_name":"Python 3.9","language":"python"},"originates_from":{"type":"blank"},"runtime":{"environment":"conda2rt221-f1d91980-67dd-45ad-9b61-c28e24cccb9d"}}},"attachments":[{"id":"4876687e-c740-4323-99e4-2b082050b7e3","version":2,"asset_type":"notebook","name":"attachment for notebook f7d56265-0efa-4fbb-aa3d-8d8370f66c9b","description":"attachment for notebook f7d56265-0efa-4fbb-aa3d-8d8370f66c9b","mime":"application/json","datasource_type":"193a97c1-4475-4a19-b90c-295c4fdc6517","object_key":"notebook/Interactive_Visual_Analytics_with_Folium_Lab_F5OoemCXC.ipynb","creator_id":"IBMid-666000OH6N","create_time":1655927292928,"size":318346,"is_remote":false,"is_managed":false,"is_referenced":true,"is_object_key_read_only":false,"is_user_provided_path_key":true,"transfer_complete":true,"is_partitioned":false,"complete_time_ticks":1655927292928,"user_data":{},"test_doc":0,"handle":{"bucket":"pythonbasicsfordatascienceproject-donotdelete-pr-pk3912y8ozeroo","location":"us-geo","key":"notebook/Interactive_Visual_Analytics_with_Folium_Lab_F5OoemCXC.ipynb","upload_id":"done","max_part_num":1},"usage":{"access_count":20,"last_accessor_id":"IBMid-666000OH6N","last_access_time":1655930192650,"last_updater_id":"IBMid-666000OH6N","last_update_time":1655930192650}}]}
